unit_id,manifesto,sequence,master_code,master_rile,full_class_n,full_class_cat_distinct,full_class_cat_modal_share,full_class_cat_1mmodal,full_class_cat_Hnorm,full_class_dom_1mmodal,full_class_rile_1mmodal,full_class_rile_distinct,full_class_rile_modal,full_exclude_n,full_exclude_cat_distinct,full_exclude_cat_modal_share,full_exclude_cat_1mmodal,full_exclude_cat_Hnorm,full_exclude_dom_1mmodal,full_exclude_rile_1mmodal,full_exclude_rile_distinct,full_exclude_rile_modal,retained_class_n,retained_class_cat_distinct,retained_class_cat_modal_share,retained_class_cat_1mmodal,retained_class_cat_Hnorm,retained_class_dom_1mmodal,retained_class_rile_1mmodal,retained_class_rile_distinct,retained_class_rile_modal,retained_exclude_n,retained_exclude_cat_distinct,retained_exclude_cat_modal_share,retained_exclude_cat_1mmodal,retained_exclude_cat_Hnorm,retained_exclude_dom_1mmodal,retained_exclude_rile_1mmodal,retained_exclude_rile_distinct,retained_exclude_rile_modal
GB-001,GB,1,000,none,32,5,0.5625,0.4375,0.3661051374839881,0.4375,0.4375,3,none,14,4,0.35714285714285715,0.6428571428571428,0.5053834989622039,0.6428571428571428,0.2857142857142857,2,right,17,4,0.47058823529411764,0.5294117647058824,0.4299694108718239,0.5294117647058824,0.5294117647058824,3,none,9,3,0.5555555555555556,0.4444444444444444,0.4528562990069186,0.4444444444444444,0.2222222222222222,2,right
GB-002,GB,2,000,none,32,8,0.46875,0.53125,0.46179291288465807,0.53125,0.375,3,none,17,7,0.35294117647058826,0.6470588235294117,0.604101095978882,0.47058823529411764,0.3529411764705882,3,right,17,5,0.47058823529411764,0.5294117647058824,0.47105275571184096,0.5294117647058824,0.47058823529411764,3,none,9,4,0.4444444444444444,0.5555555555555556,0.5529201095237967,0.5555555555555556,0.2222222222222222,3,right
GB-003,GB,3,000,none,32,10,0.28125,0.71875,0.5771953719265965,0.625,0.4375,3,right,27,9,0.3333333333333333,0.6666666666666667,0.5634970917989355,0.5555555555555556,0.33333333333333337,3,right,17,7,0.23529411764705882,0.7647058823529411,0.6328835126986732,0.7647058823529411,0.47058823529411764,3,right,14,6,0.2857142857142857,0.7142857142857143,0.6106241748433933,0.7142857142857143,0.3571428571428571,3,right
GB-004,GB,4,305,right,32,5,0.4375,0.5625,0.412038319737666,0.5625,0.3125,3,right,25,4,0.56,0.43999999999999995,0.35896047296692485,0.43999999999999995,0.12,2,right,17,5,0.5882352941176471,0.4117647058823529,0.4247234128075581,0.4117647058823529,0.23529411764705888,3,right,14,4,0.7142857142857143,0.2857142857142857,0.3392623024595752,0.2857142857142857,0.0714285714285714,2,right
GB-005,GB,5,305,right,32,6,0.3125,0.6875,0.43963848220861956,0.65625,0.5,3,right,27,5,0.37037037037037035,0.6296296296296297,0.3920625544521318,0.5925925925925926,0.40740740740740744,3,right,17,5,0.47058823529411764,0.5294117647058824,0.4819164990437567,0.47058823529411764,0.4117647058823529,3,right,15,4,0.5333333333333333,0.4666666666666667,0.4198284770977516,0.4,0.33333333333333337,3,right
GB-006,GB,6,606,right,32,5,0.40625,0.59375,0.36796708534694955,0.5625,0.21875,3,right,31,4,0.41935483870967744,0.5806451612903225,0.34154701154817807,0.5483870967741935,0.19354838709677424,3,right,17,5,0.4117647058823529,0.5882352941176471,0.43438278527086577,0.5294117647058824,0.17647058823529416,3,right,16,4,0.4375,0.5625,0.3858911107998991,0.5,0.125,3,right
GB-007,GB,7,305,right,32,11,0.28125,0.71875,0.5872556248918266,0.5,0.46875,3,none,29,10,0.3103448275862069,0.6896551724137931,0.5649944473767392,0.4482758620689655,0.5172413793103448,3,none,17,5,0.4117647058823529,0.5882352941176471,0.4925498041447524,0.5882352941176471,0.47058823529411764,2,none,15,4,0.4666666666666667,0.5333333333333333,0.43243654401743914,0.5333333333333333,0.4666666666666667,2,right
GB-008,GB,8,410,none,32,8,0.59375,0.40625,0.4033405608900525,0.25,0.125,2,none,30,7,0.6333333333333333,0.3666666666666667,0.36507306452386445,0.19999999999999996,0.1333333333333333,2,none,17,4,0.7058823529411765,0.2941176470588235,0.3124681155050132,0.11764705882352944,0.11764705882352944,2,none,17,4,0.7058823529411765,0.2941176470588235,0.3124681155050132,0.11764705882352944,0.11764705882352944,2,none
GB-009,GB,9,408,none,32,12,0.25,0.75,0.6302421283829365,0.625,0.375,3,none,30,11,0.26666666666666666,0.7333333333333334,0.6116939478951815,0.6,0.4,3,none,17,7,0.35294117647058826,0.6470588235294117,0.6041010959788818,0.5294117647058824,0.3529411764705882,3,none,17,7,0.35294117647058826,0.6470588235294117,0.6041010959788818,0.5294117647058824,0.3529411764705882,3,none
GB-010,GB,10,305,right,32,13,0.21875,0.78125,0.6630240814944148,0.40625,0.46875,3,left,31,12,0.22580645161290322,0.7741935483870968,0.6489379027070116,0.3870967741935484,0.4516129032258065,3,left,17,9,0.17647058823529413,0.8235294117647058,0.7262856929140071,0.3529411764705882,0.4117647058823529,3,left,17,9,0.17647058823529413,0.8235294117647058,0.7262856929140071,0.3529411764705882,0.4117647058823529,3,left
GB-011,GB,11,305,right,32,15,0.28125,0.71875,0.6747556248918266,0.34375,0.375,3,right,30,14,0.3,0.7,0.660075975186874,0.30000000000000004,0.33333333333333337,3,right,17,8,0.35294117647058826,0.6470588235294117,0.6328835126986732,0.2941176470588235,0.23529411764705888,3,right,17,8,0.35294117647058826,0.6470588235294117,0.6328835126986732,0.2941176470588235,0.23529411764705888,3,right
GB-012,GB,12,305,right,32,10,0.40625,0.59375,0.5351851322354712,0.59375,0.46875,3,right,26,9,0.5,0.5,0.5183707239883868,0.5,0.34615384615384615,3,right,17,8,0.4117647058823529,0.5882352941176471,0.6308441424760591,0.5882352941176471,0.47058823529411764,3,right,16,7,0.4375,0.5625,0.5991955553999495,0.5625,0.4375,3,right
GB-013,GB,13,606,right,32,8,0.34375,0.65625,0.481577495033804,0.46875,0.5,3,none,32,8,0.34375,0.65625,0.481577495033804,0.46875,0.5,3,none,17,6,0.35294117647058826,0.6470588235294117,0.5521540078069492,0.47058823529411764,0.5294117647058824,3,right,17,6,0.35294117647058826,0.6470588235294117,0.5521540078069492,0.47058823529411764,0.5294117647058824,3,right
GB-014,GB,14,606,right,32,9,0.625,0.375,0.39725898813907967,0.15625,0.21875,2,right,31,8,0.6451612903225806,0.3548387096774194,0.37206336676285223,0.12903225806451613,0.19354838709677424,2,right,17,5,0.7647058823529411,0.23529411764705888,0.30770061290897416,0.11764705882352944,0.05882352941176472,2,right,17,5,0.7647058823529411,0.23529411764705888,0.30770061290897416,0.11764705882352944,0.05882352941176472,2,right
GB-015,GB,15,606,right,32,5,0.46875,0.53125,0.335138772219093,0.03125,0.15625,2,right,32,5,0.46875,0.53125,0.335138772219093,0.03125,0.15625,2,right,17,3,0.5882352941176471,0.4117647058823529,0.29873000259647725,0.05882352941176472,0.05882352941176472,2,right,17,3,0.5882352941176471,0.4117647058823529,0.29873000259647725,0.05882352941176472,0.05882352941176472,2,right
GB-016,GB,16,606,right,32,12,0.25,0.75,0.6255240814944147,0.59375,0.4375,3,right,30,11,0.26666666666666666,0.7333333333333334,0.6065658700934667,0.5666666666666667,0.4,3,right,17,6,0.4117647058823529,0.5882352941176471,0.5444968923166851,0.5294117647058824,0.23529411764705888,3,right,17,6,0.4117647058823529,0.5882352941176471,0.5444968923166851,0.5294117647058824,0.23529411764705888,3,right
GB-017,GB,17,606,right,32,8,0.5625,0.4375,0.4042292966721748,0.34375,0.1875,2,right,29,7,0.6206896551724138,0.3793103448275862,0.3571302271236129,0.27586206896551724,0.10344827586206895,2,right,17,4,0.7058823529411765,0.2941176470588235,0.3124681155050132,0.2941176470588235,0.05882352941176472,2,right,16,3,0.75,0.25,0.253524413893479,0.25,0.0,1,right
GB-018,GB,18,606,right,32,8,0.59375,0.40625,0.3932803079248225,0.28125,0.1875,2,right,31,7,0.6129032258064516,0.3870967741935484,0.36791837080388407,0.25806451612903225,0.16129032258064513,2,right,17,3,0.7058823529411765,0.2941176470588235,0.2657670253973463,0.2941176470588235,0.0,1,right,17,3,0.7058823529411765,0.2941176470588235,0.2657670253973463,0.2941176470588235,0.0,1,right
GB-019,GB,19,606,right,32,8,0.5625,0.4375,0.40894734356069656,0.40625,0.21875,3,right,31,7,0.5806451612903226,0.4193548387096774,0.38424031574607953,0.3870967741935484,0.19354838709677424,3,right,17,3,0.7058823529411765,0.2941176470588235,0.2657670253973463,0.2941176470588235,0.05882352941176472,2,right,17,3,0.7058823529411765,0.2941176470588235,0.2657670253973463,0.2941176470588235,0.05882352941176472,2,right
GB-020,GB,20,606,right,32,5,0.5625,0.4375,0.34338343733773985,0.4375,0.1875,3,right,30,4,0.6,0.4,0.29990525216250513,0.4,0.1333333333333333,3,right,17,4,0.6470588235294118,0.3529411764705882,0.33723091958401036,0.3529411764705882,0.11764705882352944,3,right,16,3,0.6875,0.3125,0.28041019054671457,0.3125,0.0625,2,right
GB-021,GB,21,606,right,32,7,0.53125,0.46875,0.39621072637487803,0.3125,0.40625,2,right,32,7,0.53125,0.46875,0.39621072637487803,0.3125,0.40625,2,right,17,3,0.7058823529411765,0.2941176470588235,0.2657670253973463,0.23529411764705888,0.2941176470588235,2,right,17,3,0.7058823529411765,0.2941176470588235,0.2657670253973463,0.23529411764705888,0.2941176470588235,2,right
GB-022,GB,22,202,left,32,7,0.53125,0.46875,0.4062709793401081,0.46875,0.46875,3,left,31,6,0.5483870967741935,0.4516129032258065,0.38145207485169613,0.4516129032258065,0.4516129032258065,3,left,17,4,0.5882352941176471,0.4117647058823529,0.3850772527558512,0.4117647058823529,0.4117647058823529,3,left,17,4,0.5882352941176471,0.4117647058823529,0.3850772527558512,0.4117647058823529,0.4117647058823529,3,left
GB-023,GB,23,305,right,32,10,0.375,0.625,0.54669171866887,0.21875,0.46875,3,none,32,10,0.375,0.625,0.54669171866887,0.21875,0.46875,3,none,17,8,0.35294117647058826,0.6470588235294117,0.6328835126986733,0.23529411764705888,0.47058823529411764,3,none,17,8,0.35294117647058826,0.6470588235294117,0.6328835126986733,0.23529411764705888,0.47058823529411764,3,none
GB-024,GB,24,305,right,32,10,0.28125,0.71875,0.5591917186688699,0.15625,0.46875,3,none,32,10,0.28125,0.71875,0.5591917186688699,0.15625,0.46875,3,none,17,7,0.35294117647058826,0.6470588235294117,0.5932373526469663,0.11764705882352944,0.47058823529411764,3,none,17,7,0.35294117647058826,0.6470588235294117,0.5932373526469663,0.11764705882352944,0.47058823529411764,3,none
GB-025,GB,25,408,none,32,6,0.4375,0.5625,0.40742035054291625,0.25,0.3125,3,none,32,6,0.4375,0.5625,0.40742035054291625,0.25,0.3125,3,none,17,5,0.5882352941176471,0.4117647058823529,0.4247234128075582,0.11764705882352944,0.17647058823529416,2,none,17,5,0.5882352941176471,0.4117647058823529,0.4247234128075582,0.11764705882352944,0.17647058823529416,2,none
GB-026,GB,26,408,none,32,7,0.34375,0.65625,0.4523920586603283,0.46875,0.34375,2,none,30,6,0.36666666666666664,0.6333333333333333,0.41838747677961485,0.43333333333333335,0.3666666666666667,2,none,17,4,0.5882352941176471,0.4117647058823529,0.3959409960877668,0.17647058823529416,0.17647058823529416,2,none,17,4,0.5882352941176471,0.4117647058823529,0.3959409960877668,0.17647058823529416,0.17647058823529416,2,none
GB-027,GB,27,701,left,32,9,0.3125,0.6875,0.5651011942157881,0.59375,0.34375,3,none,28,8,0.35714285714285715,0.6428571428571428,0.542488170106447,0.5357142857142857,0.3928571428571429,3,none,17,7,0.29411764705882354,0.7058823529411764,0.6314463279103631,0.5294117647058824,0.23529411764705888,2,none,16,6,0.3125,0.6875,0.5998493675869248,0.5,0.25,2,none
GB-028,GB,28,706,none,32,12,0.3125,0.6875,0.6079434002924964,0.46875,0.28125,3,none,30,11,0.3333333333333333,0.6666666666666667,0.5874573060751835,0.43333333333333335,0.30000000000000004,3,none,17,6,0.29411764705882354,0.7058823529411764,0.5738814944707805,0.4117647058823529,0.23529411764705888,2,none,17,6,0.29411764705882354,0.7058823529411764,0.5738814944707805,0.4117647058823529,0.23529411764705888,2,none
GB-029,GB,29,410,none,32,12,0.375,0.625,0.5716917186688699,0.3125,0.15625,3,none,30,11,0.4,0.6,0.5480551025359994,0.2666666666666667,0.16666666666666663,3,none,17,5,0.4117647058823529,0.5882352941176471,0.4652045722132713,0.17647058823529416,0.05882352941176472,2,none,17,5,0.4117647058823529,0.5882352941176471,0.4652045722132713,0.17647058823529416,0.05882352941176472,2,none
GB-030,GB,30,408,none,32,12,0.4375,0.5625,0.5315346664799394,0.21875,0.125,3,none,30,11,0.4666666666666667,0.5333333333333333,0.5044081247127514,0.16666666666666663,0.1333333333333333,3,none,17,6,0.47058823529411764,0.5294117647058824,0.4875342443114065,0.05882352941176472,0.11764705882352944,3,none,17,6,0.47058823529411764,0.5294117647058824,0.4875342443114065,0.05882352941176472,0.11764705882352944,3,none
GB-031,GB,31,606,right,32,10,0.6875,0.3125,0.37432815243737166,0.21875,0.25,3,right,31,9,0.7096774193548387,0.29032258064516125,0.34817398229341234,0.19354838709677424,0.22580645161290325,3,right,17,3,0.8235294117647058,0.17647058823529416,0.2041234515125354,0.17647058823529416,0.17647058823529416,2,right,17,3,0.8235294117647058,0.17647058823529416,0.2041234515125354,0.17647058823529416,0.17647058823529416,2,right
GB-032,GB,32,605,right,32,9,0.375,0.625,0.4812892596269315,0.28125,0.25,3,right,29,8,0.41379310344827586,0.5862068965517242,0.444647740413296,0.2068965517241379,0.1724137931034483,3,right,17,4,0.47058823529411764,0.5294117647058824,0.40262417894034275,0.17647058823529416,0.17647058823529416,2,right,17,4,0.47058823529411764,0.5294117647058824,0.40262417894034275,0.17647058823529416,0.17647058823529416,2,right
GB-033,GB,33,408,none,32,15,0.15625,0.84375,0.7382856063692049,0.15625,0.46875,3,none,31,14,0.16129032258064516,0.8387096774193549,0.7273454900657335,0.12903225806451613,0.4838709677419355,3,none,17,10,0.23529411764705882,0.7647058823529411,0.7588769229097542,0.11764705882352944,0.4117647058823529,3,none,17,10,0.23529411764705882,0.7647058823529411,0.7588769229097542,0.11764705882352944,0.4117647058823529,3,none
GB-034,GB,34,408,none,32,15,0.21875,0.78125,0.6871383974314379,0.4375,0.53125,3,none,30,14,0.23333333333333334,0.7666666666666666,0.67353489632192,0.4,0.5666666666666667,3,none,17,8,0.29411764705882354,0.7058823529411764,0.637064073178013,0.2941176470588235,0.47058823529411764,3,none,17,8,0.29411764705882354,0.7058823529411764,0.637064073178013,0.2941176470588235,0.47058823529411764,3,none
GB-035,GB,35,408,none,32,9,0.4375,0.5625,0.4893166195914178,0.375,0.40625,3,none,32,9,0.4375,0.5625,0.4893166195914178,0.375,0.40625,3,none,17,6,0.47058823529411764,0.5294117647058824,0.510698915763548,0.23529411764705888,0.2941176470588235,3,none,17,6,0.47058823529411764,0.5294117647058824,0.510698915763548,0.23529411764705888,0.2941176470588235,3,none
GB-036,GB,36,414,right,32,9,0.3125,0.6875,0.5298794940695398,0.1875,0.46875,3,none,28,8,0.35714285714285715,0.6428571428571428,0.5006217256184213,0.0714285714285714,0.5357142857142857,3,none,17,7,0.4117647058823529,0.5882352941176471,0.550114637584335,0.11764705882352944,0.4117647058823529,3,none,16,6,0.4375,0.5625,0.5115449229868743,0.0625,0.4375,3,none
GB-037,GB,37,414,right,32,9,0.21875,0.78125,0.5670178915009778,0.34375,0.53125,3,none,27,8,0.25925925925925924,0.7407407407407407,0.5508130913704635,0.2222222222222222,0.5555555555555556,3,right,17,7,0.23529411764705882,0.7647058823529411,0.6258285826427132,0.3529411764705882,0.5294117647058824,3,right,15,6,0.26666666666666666,0.7333333333333334,0.5904671603042952,0.2666666666666667,0.4666666666666667,3,right
GB-038,GB,38,504,left,32,9,0.25,0.75,0.5686278124459132,0.1875,0.46875,3,none,32,9,0.25,0.75,0.5686278124459132,0.1875,0.46875,3,none,17,7,0.29411764705882354,0.7058823529411764,0.6205825845784474,0.11764705882352944,0.4117647058823529,3,none,17,7,0.29411764705882354,0.7058823529411764,0.6205825845784474,0.11764705882352944,0.4117647058823529,3,none
GB-039,GB,39,503,none,32,8,0.25,0.75,0.5532253534039748,0.5625,0.40625,3,none,32,8,0.25,0.75,0.5532253534039748,0.5625,0.40625,3,none,17,8,0.29411764705882354,0.7058823529411764,0.67814741801803,0.5294117647058824,0.4117647058823529,3,none,17,8,0.29411764705882354,0.7058823529411764,0.67814741801803,0.5294117647058824,0.4117647058823529,3,none
GB-040,GB,40,404,left,32,12,0.3125,0.6875,0.5876614471810182,0.65625,0.5,3,right,24,11,0.4166666666666667,0.5833333333333333,0.6185522378460466,0.5416666666666667,0.33333333333333337,3,right,17,7,0.35294117647058826,0.6470588235294117,0.5809364245267405,0.6470588235294117,0.5294117647058824,3,none,12,6,0.5,0.5,0.5929809818837098,0.5,0.41666666666666663,3,right
GB-041,GB,41,404,left,32,8,0.25,0.75,0.5180036532577266,0.625,0.5,3,none,24,7,0.3333333333333333,0.6666666666666667,0.5172678123466228,0.5,0.625,3,right,17,6,0.29411764705882354,0.7058823529411764,0.5809364245267404,0.5294117647058824,0.5294117647058824,3,none,14,5,0.35714285714285715,0.6428571428571428,0.5429048611103745,0.4285714285714286,0.6428571428571428,3,right
GB-042,GB,42,410,none,32,8,0.34375,0.65625,0.5174062046016223,0.0,0.40625,3,none,32,8,0.34375,0.65625,0.5174062046016223,0.0,0.40625,3,none,17,6,0.4117647058823529,0.5882352941176471,0.5213322208645437,0.0,0.47058823529411764,2,none,17,6,0.4117647058823529,0.5882352941176471,0.5213322208645437,0.0,0.47058823529411764,2,none
GB-043,GB,43,504,left,32,10,0.34375,0.65625,0.5545435702882257,0.09375,0.375,3,none,32,10,0.34375,0.65625,0.5545435702882257,0.09375,0.375,3,none,17,6,0.4117647058823529,0.5882352941176471,0.5515518223726452,0.0,0.2941176470588235,2,none,17,6,0.4117647058823529,0.5882352941176471,0.5515518223726452,0.0,0.2941176470588235,2,none
GB-044,GB,44,701,left,32,9,0.3125,0.6875,0.5579434002924966,0.0625,0.5,3,none,32,9,0.3125,0.6875,0.5579434002924966,0.0625,0.5,3,none,17,8,0.29411764705882354,0.7058823529411764,0.67814741801803,0.05882352941176472,0.4117647058823529,3,none,17,8,0.29411764705882354,0.7058823529411764,0.67814741801803,0.05882352941176472,0.4117647058823529,3,none
GB-045,GB,45,606,right,32,8,0.40625,0.59375,0.5079068323817195,0.21875,0.3125,3,right,32,8,0.40625,0.59375,0.5079068323817195,0.21875,0.3125,3,right,17,6,0.4117647058823529,0.5882352941176471,0.5624155657045607,0.17647058823529416,0.2941176470588235,3,right,17,6,0.4117647058823529,0.5882352941176471,0.5624155657045607,0.17647058823529416,0.2941176470588235,3,right
GB-046,GB,46,606,right,32,7,0.34375,0.65625,0.462325523399704,0.625,0.5,3,none,22,6,0.5,0.5,0.461726803045822,0.4545454545454546,0.40909090909090906,3,right,17,5,0.4117647058823529,0.5882352941176471,0.5048507322649782,0.5882352941176471,0.5294117647058824,3,none,14,4,0.5,0.5,0.44371795677774417,0.5,0.5,3,right
GB-047,GB,47,606,right,32,6,0.65625,0.34375,0.3259480852950577,0.28125,0.34375,2,right,30,5,0.7,0.30000000000000004,0.28095464741275594,0.23333333333333328,0.30000000000000004,2,right,17,4,0.7058823529411765,0.2941176470588235,0.3124681155050132,0.2941176470588235,0.2941176470588235,2,right,16,3,0.75,0.25,0.253524413893479,0.25,0.25,2,right
GB-048,GB,48,606,right,32,9,0.25,0.75,0.5405639062229566,0.5625,0.4375,2,right,28,8,0.2857142857142857,0.7142857142857143,0.5133218038784385,0.5,0.3571428571428571,2,right,17,8,0.29411764705882354,0.7058823529411764,0.6602287446301545,0.5882352941176471,0.3529411764705882,2,right,16,7,0.3125,0.6875,0.6310993675869248,0.5625,0.3125,2,right
GB-049,GB,49,202,left,32,8,0.3125,0.6875,0.49254094125055803,0.625,0.46875,3,none,30,7,0.3333333333333333,0.6666666666666667,0.4620255750095192,0.6,0.5,3,none,17,5,0.4117647058823529,0.5882352941176471,0.4652045722132713,0.5882352941176471,0.47058823529411764,3,none,17,5,0.4117647058823529,0.5882352941176471,0.4652045722132713,0.5882352941176471,0.47058823529411764,3,none
GB-050,GB,50,606,right,32,13,0.21875,0.78125,0.6451818754177064,0.59375,0.1875,3,none,27,12,0.25925925925925924,0.7407407407407407,0.6482273789966264,0.5185185185185186,0.2222222222222222,3,none,17,8,0.29411764705882354,0.7058823529411764,0.6493650012982387,0.4117647058823529,0.11764705882352944,3,none,16,7,0.3125,0.6875,0.6193042503656206,0.375,0.125,3,none
GB-051,GB,51,606,right,32,10,0.46875,0.53125,0.5195748659961363,0.4375,0.4375,2,right,31,9,0.4838709677419355,0.5161290322580645,0.4994922608012242,0.4193548387096774,0.4193548387096774,2,right,17,5,0.5882352941176471,0.4117647058823529,0.43558715613947385,0.4117647058823529,0.2941176470588235,2,right,17,5,0.5882352941176471,0.4117647058823529,0.43558715613947385,0.4117647058823529,0.2941176470588235,2,right
GB-052,GB,52,606,right,32,6,0.78125,0.21875,0.24939747034769927,0.15625,0.125,2,right,32,6,0.78125,0.21875,0.24939747034769927,0.15625,0.125,2,right,17,4,0.8235294117647058,0.17647058823529416,0.23290586823232665,0.17647058823529416,0.17647058823529416,2,right,17,4,0.8235294117647058,0.17647058823529416,0.23290586823232665,0.17647058823529416,0.17647058823529416,2,right
GB-053,GB,53,606,right,32,6,0.8125,0.1875,0.22367854580207253,0.15625,0.1875,2,right,31,5,0.8387096774193549,0.16129032258064513,0.19122696039257223,0.12903225806451613,0.16129032258064513,2,right,17,4,0.8235294117647058,0.17647058823529416,0.23290586823232665,0.17647058823529416,0.17647058823529416,2,right,17,4,0.8235294117647058,0.17647058823529416,0.23290586823232665,0.17647058823529416,0.17647058823529416,2,right
GB-054,GB,54,606,right,32,7,0.6875,0.3125,0.33211010554884995,0.28125,0.3125,3,right,29,6,0.7586206896551724,0.24137931034482762,0.2752239813175709,0.2068965517241379,0.24137931034482762,3,right,17,4,0.8235294117647058,0.17647058823529416,0.23290586823232665,0.17647058823529416,0.17647058823529416,2,right,17,4,0.8235294117647058,0.17647058823529416,0.23290586823232665,0.17647058823529416,0.17647058823529416,2,right
GB-055,GB,55,606,right,32,11,0.375,0.625,0.5231014842262616,0.59375,0.46875,3,none,31,10,0.3870967741935484,0.6129032258064516,0.5031662977998026,0.5806451612903225,0.4838709677419355,3,none,17,4,0.47058823529411764,0.5294117647058824,0.37180239199793735,0.5294117647058824,0.47058823529411764,2,none,17,4,0.47058823529411764,0.5294117647058824,0.37180239199793735,0.5294117647058824,0.47058823529411764,2,none
GB-056,GB,56,411,none,32,4,0.875,0.125,0.14621288863991927,0.0,0.0625,2,none,32,4,0.875,0.125,0.14621288863991927,0.0,0.0625,2,none,17,2,0.9411764705882353,0.05882352941176472,0.07896266496667848,0.0,0.0,1,none,17,2,0.9411764705882353,0.05882352941176472,0.07896266496667848,0.0,0.0,1,none
GB-057,GB,57,506,left,32,2,0.65625,0.34375,0.1856724144789735,0.34375,0.34375,2,left,32,2,0.65625,0.34375,0.1856724144789735,0.34375,0.34375,2,left,17,2,0.6470588235294118,0.3529411764705882,0.22915618276080515,0.3529411764705882,0.3529411764705882,2,left,17,2,0.6470588235294118,0.3529411764705882,0.22915618276080515,0.3529411764705882,0.3529411764705882,2,left
GB-058,GB,58,403,left,32,9,0.4375,0.5625,0.5020781444662079,0.3125,0.375,3,left,32,9,0.4375,0.5625,0.5020781444662079,0.3125,0.375,3,left,17,7,0.5882352941176471,0.4117647058823529,0.4931519895790564,0.11764705882352944,0.3529411764705882,3,left,17,7,0.5882352941176471,0.4117647058823529,0.4931519895790564,0.11764705882352944,0.3529411764705882,3,left
GB-059,GB,59,202,left,32,9,0.5625,0.4375,0.43332318437250983,0.375,0.1875,2,none,30,8,0.6,0.4,0.39766138540122065,0.33333333333333337,0.19999999999999996,2,none,17,4,0.7058823529411765,0.2941176470588235,0.3233318588369289,0.17647058823529416,0.11764705882352944,2,none,16,3,0.75,0.25,0.26531953111478324,0.125,0.125,2,none
GB-060,GB,60,606,right,32,8,0.53125,0.46875,0.43371072637487795,0.375,0.15625,3,none,27,7,0.6296296296296297,0.37037037037037035,0.3846749050152639,0.2592592592592593,0.18518518518518523,3,none,17,4,0.7647058823529411,0.23529411764705888,0.27891819618918295,0.17647058823529416,0.11764705882352944,2,none,16,3,0.8125,0.1875,0.21709818225259064,0.125,0.125,2,none
GB-061,GB,61,202,left,32,7,0.46875,0.53125,0.4445748659961364,0.34375,0.25,2,none,28,6,0.5357142857142857,0.4642857142857143,0.3992239662548025,0.25,0.2857142857142857,2,none,17,4,0.5882352941176471,0.4117647058823529,0.3780223226998912,0.2941176470588235,0.3529411764705882,2,none,16,3,0.625,0.375,0.3246987351738496,0.25,0.375,2,none
GB-062,GB,62,701,left,32,8,0.28125,0.71875,0.5200375780033049,0.53125,0.46875,3,none,31,7,0.2903225806451613,0.7096774193548387,0.4999743149741148,0.5161290322580645,0.4838709677419355,3,none,17,6,0.4117647058823529,0.5882352941176471,0.5444968923166851,0.4117647058823529,0.5294117647058824,3,left,17,6,0.4117647058823529,0.5882352941176471,0.5444968923166851,0.4117647058823529,0.5294117647058824,3,left
GB-063,GB,63,202,left,32,6,0.28125,0.71875,0.46138709059546645,0.4375,0.46875,2,left,32,6,0.28125,0.71875,0.46138709059546645,0.4375,0.46875,2,left,17,5,0.29411764705882354,0.7058823529411764,0.5521540078069491,0.5294117647058824,0.47058823529411764,2,left,17,5,0.29411764705882354,0.7058823529411764,0.5521540078069491,0.5294117647058824,0.47058823529411764,2,left
GB-064,GB,64,202,left,32,12,0.25,0.75,0.6352217001462483,0.5625,0.53125,3,left,30,11,0.26666666666666666,0.7333333333333334,0.6171062788924864,0.5333333333333333,0.5,3,left,17,5,0.29411764705882354,0.7058823529411764,0.5521540078069491,0.4117647058823529,0.47058823529411764,2,left,17,5,0.29411764705882354,0.7058823529411764,0.5521540078069491,0.4117647058823529,0.47058823529411764,2,left
GB-065,GB,65,202,left,32,9,0.34375,0.65625,0.49879554192232567,0.625,0.4375,3,left,32,9,0.34375,0.65625,0.49879554192232567,0.625,0.4375,3,left,17,4,0.35294117647058826,0.6470588235294117,0.4658067576475753,0.5882352941176471,0.2941176470588235,2,left,17,4,0.35294117647058826,0.6470588235294117,0.4658067576475753,0.5882352941176471,0.2941176470588235,2,left
GB-066,GB,66,701,left,32,8,0.46875,0.53125,0.45173265991942796,0.53125,0.4375,3,left,32,8,0.46875,0.53125,0.45173265991942796,0.53125,0.4375,3,left,17,6,0.4117647058823529,0.5882352941176471,0.5213322208645437,0.5294117647058824,0.4117647058823529,3,left,17,6,0.4117647058823529,0.5882352941176471,0.5213322208645437,0.5294117647058824,0.4117647058823529,3,left
GB-067,GB,67,701,left,32,10,0.40625,0.59375,0.5173429261587629,0.59375,0.46875,3,left,32,10,0.40625,0.59375,0.5173429261587629,0.59375,0.46875,3,left,17,5,0.5294117647058824,0.47058823529411764,0.4223517843199126,0.47058823529411764,0.3529411764705882,3,left,17,5,0.5294117647058824,0.47058823529411764,0.4223517843199126,0.47058823529411764,0.3529411764705882,3,left
GB-068,GB,68,202,left,32,10,0.3125,0.6875,0.5634470535502232,0.625,0.40625,3,left,31,9,0.3225806451612903,0.6774193548387097,0.5451983820097454,0.6129032258064516,0.3870967741935484,3,left,17,5,0.29411764705882354,0.7058823529411764,0.5398530796867234,0.47058823529411764,0.4117647058823529,2,left,17,5,0.29411764705882354,0.7058823529411764,0.5398530796867234,0.47058823529411764,0.4117647058823529,2,left
GB-069,GB,69,202,left,32,7,0.3125,0.6875,0.4494372102990595,0.5625,0.375,2,left,32,7,0.3125,0.6875,0.4494372102990595,0.5625,0.375,2,left,17,4,0.4117647058823529,0.5882352941176471,0.4255584121615643,0.5294117647058824,0.4117647058823529,2,left,17,4,0.4117647058823529,0.5882352941176471,0.4255584121615643,0.5294117647058824,0.4117647058823529,2,left
GB-070,GB,70,202,left,32,8,0.3125,0.6875,0.489839669340998,0.53125,0.4375,3,left,32,8,0.3125,0.6875,0.489839669340998,0.53125,0.4375,3,left,17,4,0.4117647058823529,0.5882352941176471,0.4255584121615643,0.5294117647058824,0.4117647058823529,2,left,17,4,0.4117647058823529,0.5882352941176471,0.4255584121615643,0.5294117647058824,0.4117647058823529,2,left
GB-071,GB,71,402,right,32,9,0.46875,0.53125,0.49151095977317977,0.0625,0.4375,3,right,31,8,0.4838709677419355,0.5161290322580645,0.4702552345455881,0.032258064516129004,0.4193548387096774,3,right,17,6,0.6470588235294118,0.3529411764705882,0.4235781697433843,0.0,0.23529411764705888,3,right,17,6,0.6470588235294118,0.3529411764705882,0.4235781697433843,0.0,0.23529411764705888,3,right
GB-072,GB,72,402,right,32,7,0.53125,0.46875,0.38598902622862974,0.0,0.4375,3,right,32,7,0.53125,0.46875,0.38598902622862974,0.0,0.4375,3,right,17,3,0.7647058823529411,0.23529411764705888,0.23927203613747597,0.0,0.23529411764705888,3,right,17,3,0.7647058823529411,0.23529411764705888,0.23927203613747597,0.0,0.23529411764705888,3,right
GB-073,GB,73,402,right,32,7,0.5,0.5,0.4146782221599798,0.0,0.40625,3,right,32,7,0.5,0.5,0.4146782221599798,0.0,0.40625,3,right,17,3,0.6470588235294118,0.3529411764705882,0.2852838314120776,0.0,0.3529411764705882,3,right,17,3,0.6470588235294118,0.3529411764705882,0.2852838314120776,0.0,0.3529411764705882,3,right
GB-074,GB,74,411,none,32,2,0.96875,0.03125,0.04012446486254293,0.0,0.03125,2,none,32,2,0.96875,0.03125,0.04012446486254293,0.0,0.03125,2,none,17,2,0.9411764705882353,0.05882352941176472,0.07896266496667848,0.0,0.05882352941176472,2,none,17,2,0.9411764705882353,0.05882352941176472,0.07896266496667848,0.0,0.05882352941176472,2,none
GB-075,GB,75,410,none,32,6,0.75,0.25,0.2700375780033049,0.03125,0.15625,3,none,32,6,0.75,0.25,0.2700375780033049,0.03125,0.15625,3,none,17,2,0.9411764705882353,0.05882352941176472,0.07896266496667848,0.0,0.05882352941176472,2,none,17,2,0.9411764705882353,0.05882352941176472,0.07896266496667848,0.0,0.05882352941176472,2,none
GB-076,GB,76,411,none,32,5,0.53125,0.46875,0.3373987917860214,0.0,0.3125,3,none,32,5,0.53125,0.46875,0.3373987917860214,0.0,0.3125,3,none,17,3,0.47058823529411764,0.5294117647058824,0.36297801888863584,0.0,0.3529411764705882,2,none,17,3,0.47058823529411764,0.5294117647058824,0.36297801888863584,0.0,0.3529411764705882,2,none
GB-077,GB,77,411,none,32,3,0.9375,0.0625,0.07995801332340277,0.0,0.03125,2,none,32,3,0.9375,0.0625,0.07995801332340277,0.0,0.03125,2,none,17,3,0.8823529411764706,0.11764705882352944,0.15662685098921497,0.0,0.05882352941176472,2,none,17,3,0.8823529411764706,0.11764705882352944,0.15662685098921497,0.0,0.05882352941176472,2,none
GB-078,GB,78,402,right,32,11,0.4375,0.5625,0.5277023036543946,0.09375,0.40625,3,right,32,11,0.4375,0.5625,0.5277023036543946,0.09375,0.40625,3,right,17,5,0.47058823529411764,0.5294117647058824,0.47105275571184096,0.0,0.3529411764705882,3,right,17,5,0.47058823529411764,0.5294117647058824,0.47105275571184096,0.0,0.3529411764705882,3,right
GB-079,GB,79,303,none,32,11,0.25,0.75,0.6055036532577265,0.25,0.53125,3,none,32,11,0.25,0.75,0.6055036532577265,0.25,0.53125,3,none,17,7,0.23529411764705882,0.7647058823529411,0.6437472560305889,0.11764705882352944,0.47058823529411764,2,none,17,7,0.23529411764705882,0.7647058823529411,0.6437472560305889,0.11764705882352944,0.47058823529411764,2,none
GB-080,GB,80,403,left,32,9,0.65625,0.34375,0.37350833826028773,0.1875,0.3125,3,left,32,9,0.65625,0.34375,0.37350833826028773,0.1875,0.3125,3,left,17,4,0.7647058823529411,0.23529411764705888,0.27891819618918295,0.11764705882352944,0.23529411764705888,3,left,17,4,0.7647058823529411,0.23529411764705888,0.27891819618918295,0.11764705882352944,0.23529411764705888,3,left
GB-081,GB,81,403,left,32,10,0.625,0.375,0.417540941250558,0.09375,0.3125,3,left,32,10,0.625,0.375,0.417540941250558,0.09375,0.3125,3,left,17,4,0.8235294117647058,0.17647058823529416,0.23290586823232665,0.0,0.17647058823529416,3,left,17,4,0.8235294117647058,0.17647058823529416,0.23290586823232665,0.0,0.17647058823529416,3,left
GB-082,GB,82,402,right,32,9,0.5,0.5,0.4649397470347699,0.09375,0.34375,3,right,31,8,0.5161290322580645,0.4838709677419355,0.44257329895525693,0.06451612903225812,0.32258064516129037,3,right,17,5,0.47058823529411764,0.5294117647058824,0.47105275571184096,0.0,0.2941176470588235,3,right,17,5,0.47058823529411764,0.5294117647058824,0.47105275571184096,0.0,0.2941176470588235,3,right
GB-083,GB,83,402,right,32,7,0.78125,0.21875,0.2618974703476993,0.0,0.1875,3,right,32,7,0.78125,0.21875,0.2618974703476993,0.0,0.1875,3,right,17,4,0.8235294117647058,0.17647058823529416,0.23290586823232665,0.0,0.11764705882352944,2,right,17,4,0.8235294117647058,0.17647058823529416,0.23290586823232665,0.0,0.11764705882352944,2,right
GB-084,GB,84,402,right,32,8,0.78125,0.21875,0.2743974703476993,0.0,0.1875,3,right,32,8,0.78125,0.21875,0.2743974703476993,0.0,0.1875,3,right,17,4,0.8235294117647058,0.17647058823529416,0.23290586823232665,0.0,0.11764705882352944,2,right,17,4,0.8235294117647058,0.17647058823529416,0.23290586823232665,0.0,0.11764705882352944,2,right
GB-085,GB,85,402,right,32,7,0.75,0.25,0.2825375780033049,0.0,0.21875,3,right,32,7,0.75,0.25,0.2825375780033049,0.0,0.21875,3,right,17,4,0.8235294117647058,0.17647058823529416,0.23290586823232665,0.0,0.11764705882352944,2,right,17,4,0.8235294117647058,0.17647058823529416,0.23290586823232665,0.0,0.11764705882352944,2,right
GB-086,GB,86,402,right,32,8,0.75,0.25,0.2997556248918266,0.03125,0.25,3,right,32,8,0.75,0.25,0.2997556248918266,0.03125,0.25,3,right,17,3,0.8823529411764706,0.11764705882352944,0.15662685098921497,0.0,0.11764705882352944,2,right,17,3,0.8823529411764706,0.11764705882352944,0.15662685098921497,0.0,0.11764705882352944,2,right
GB-087,GB,87,402,right,32,8,0.65625,0.34375,0.36879029137176605,0.03125,0.28125,3,right,32,8,0.65625,0.34375,0.36879029137176605,0.03125,0.28125,3,right,17,5,0.7058823529411765,0.2941176470588235,0.3521142755567201,0.0,0.23529411764705888,2,right,17,5,0.7058823529411765,0.2941176470588235,0.3521142755567201,0.0,0.23529411764705888,2,right
GB-088,GB,88,402,right,32,9,0.40625,0.59375,0.49679944817249433,0.125,0.5625,3,right,32,9,0.40625,0.59375,0.49679944817249433,0.125,0.5625,3,right,17,5,0.5294117647058824,0.47058823529411764,0.44551645577205407,0.05882352941176472,0.47058823529411764,3,right,17,5,0.5294117647058824,0.47058823529411764,0.44551645577205407,0.05882352941176472,0.47058823529411764,3,right
GB-089,GB,89,402,right,32,9,0.375,0.625,0.5139097655573917,0.1875,0.5625,3,right,30,8,0.4,0.6,0.4852514979742121,0.1333333333333333,0.5333333333333333,3,right,17,5,0.5294117647058824,0.47058823529411764,0.44551645577205407,0.05882352941176472,0.4117647058823529,3,right,17,5,0.5294117647058824,0.47058823529411764,0.44551645577205407,0.05882352941176472,0.4117647058823529,3,right
GB-090,GB,90,402,right,32,8,0.46875,0.53125,0.45147113504463776,0.0625,0.40625,3,right,32,8,0.46875,0.53125,0.45147113504463776,0.0625,0.40625,3,right,17,4,0.47058823529411764,0.5294117647058824,0.429969410871824,0.0,0.4117647058823529,2,right,17,4,0.47058823529411764,0.5294117647058824,0.429969410871824,0.0,0.4117647058823529,2,right
GB-091,GB,91,402,right,32,9,0.5,0.5,0.4680036532577265,0.125,0.34375,3,right,32,9,0.5,0.5,0.4680036532577265,0.125,0.34375,3,right,17,4,0.5294117647058824,0.47058823529411764,0.4167340390522628,0.0,0.3529411764705882,2,right,17,4,0.5294117647058824,0.47058823529411764,0.4167340390522628,0.0,0.3529411764705882,2,right
GB-092,GB,92,703,none,32,7,0.78125,0.21875,0.2618974703476993,0.21875,0.15625,3,none,31,6,0.8064516129032258,0.19354838709677424,0.23104350237804297,0.19354838709677424,0.16129032258064513,3,none,17,2,0.9411764705882353,0.05882352941176472,0.07896266496667848,0.05882352941176472,0.0,1,none,17,2,0.9411764705882353,0.05882352941176472,0.07896266496667848,0.05882352941176472,0.0,1,none
GB-093,GB,93,703,none,32,8,0.65625,0.34375,0.36879029137176605,0.34375,0.09375,3,none,29,7,0.7241379310344828,0.27586206896551724,0.31688191271457733,0.27586206896551724,0.10344827586206895,3,none,17,3,0.8823529411764706,0.11764705882352944,0.15662685098921497,0.11764705882352944,0.0,1,none,16,2,0.9375,0.0625,0.08432251665425347,0.0625,0.0,1,none
GB-094,GB,94,703,none,32,5,0.65625,0.34375,0.3015722444832444,0.34375,0.28125,3,none,32,5,0.65625,0.34375,0.3015722444832444,0.34375,0.28125,3,none,17,3,0.7647058823529411,0.23529411764705888,0.23927203613747597,0.23529411764705888,0.23529411764705888,3,none,17,3,0.7647058823529411,0.23529411764705888,0.23927203613747597,0.23529411764705888,0.23529411764705888,3,none
GB-095,GB,95,703,none,32,6,0.59375,0.40625,0.36049835481334414,0.40625,0.34375,3,none,32,6,0.59375,0.40625,0.36049835481334414,0.40625,0.34375,3,none,17,3,0.7647058823529411,0.23529411764705888,0.23927203613747597,0.23529411764705888,0.23529411764705888,3,none,17,3,0.7647058823529411,0.23529411764705888,0.23927203613747597,0.23529411764705888,0.23529411764705888,3,none
GB-096,GB,96,703,none,32,7,0.625,0.375,0.35032289436203634,0.375,0.3125,3,none,31,6,0.6451612903225806,0.3548387096774194,0.3231652627286433,0.3548387096774194,0.32258064516129037,3,none,17,2,0.7647058823529411,0.23529411764705888,0.19257094602980906,0.23529411764705888,0.23529411764705888,2,none,17,2,0.7647058823529411,0.23529411764705888,0.19257094602980906,0.23529411764705888,0.23529411764705888,2,none
GB-097,GB,97,703,none,32,5,0.78125,0.21875,0.23217942345917758,0.125,0.0625,2,none,31,4,0.8064516129032258,0.19354838709677424,0.20008318950345144,0.09677419354838712,0.06451612903225812,2,none,17,2,0.9411764705882353,0.05882352941176472,0.07896266496667848,0.05882352941176472,0.0,1,none,16,1,1.0,0.0,0.0,0.0,0.0,1,none
GB-098,GB,98,703,none,32,7,0.625,0.375,0.36754094125055803,0.375,0.1875,3,none,32,7,0.625,0.375,0.36754094125055803,0.375,0.1875,3,none,17,4,0.7647058823529411,0.23529411764705888,0.27891819618918295,0.23529411764705888,0.11764705882352944,3,none,17,4,0.7647058823529411,0.23529411764705888,0.27891819618918295,0.23529411764705888,0.11764705882352944,3,none
GB-099,GB,99,411,none,32,3,0.53125,0.46875,0.23256351743711107,0.4375,0.46875,2,none,32,3,0.53125,0.46875,0.23256351743711107,0.4375,0.46875,2,none,17,3,0.5882352941176471,0.4117647058823529,0.29873000259647725,0.3529411764705882,0.4117647058823529,2,none,17,3,0.5882352941176471,0.4117647058823529,0.29873000259647725,0.3529411764705882,0.4117647058823529,2,none
GB-100,GB,100,411,none,32,5,0.5625,0.4375,0.31076293140727973,0.34375,0.4375,3,left,32,5,0.5625,0.4375,0.31076293140727973,0.34375,0.4375,3,left,17,3,0.5882352941176471,0.4117647058823529,0.29873000259647725,0.3529411764705882,0.4117647058823529,2,left,17,3,0.5882352941176471,0.4117647058823529,0.29873000259647725,0.3529411764705882,0.4117647058823529,2,left
GB-101,GB,101,411,none,32,5,0.40625,0.59375,0.38228267319353276,0.5625,0.46875,3,none,26,4,0.5,0.5,0.31818983328206585,0.46153846153846156,0.5,3,left,17,4,0.47058823529411764,0.5294117647058824,0.37180239199793724,0.5294117647058824,0.5294117647058824,3,none,16,3,0.5,0.5,0.3179455553999495,0.5,0.5,3,left
GB-102,GB,102,506,left,32,5,0.59375,0.40625,0.322736829938554,0.40625,0.40625,2,left,28,4,0.6785714285714286,0.3214285714285714,0.25440059452786506,0.3214285714285714,0.3214285714285714,2,left,17,3,0.7647058823529411,0.23529411764705888,0.23927203613747597,0.23529411764705888,0.23529411764705888,2,left,16,2,0.8125,0.1875,0.17405306503128645,0.1875,0.1875,2,left
GB-103,GB,103,411,none,32,5,0.40625,0.59375,0.3579068323817195,0.59375,0.375,2,none,27,4,0.48148148148148145,0.5185185185185186,0.2902019526066508,0.5185185185185186,0.4444444444444444,2,none,17,3,0.5294117647058824,0.47058823529411764,0.30661993200644344,0.47058823529411764,0.47058823529411764,2,left,16,2,0.5625,0.4375,0.24717485207212436,0.4375,0.4375,2,left
GB-104,GB,104,506,left,32,8,0.46875,0.53125,0.43372900666170133,0.46875,0.5,3,left,28,7,0.5357142857142857,0.4642857142857143,0.38633198302103955,0.3928571428571429,0.4285714285714286,3,left,17,2,0.7647058823529411,0.23529411764705888,0.19257094602980906,0.23529411764705888,0.23529411764705888,2,left,17,2,0.7647058823529411,0.23529411764705888,0.19257094602980906,0.23529411764705888,0.23529411764705888,2,left
GB-105,GB,105,411,none,32,7,0.46875,0.53125,0.3833930828803872,0.53125,0.5,3,left,30,6,0.5,0.5,0.34339201268217595,0.5,0.4666666666666667,3,left,17,2,0.5882352941176471,0.4117647058823529,0.23912579893428051,0.4117647058823529,0.4117647058823529,2,left,17,2,0.5882352941176471,0.4117647058823529,0.23912579893428051,0.4117647058823529,0.4117647058823529,2,left
GB-106,GB,106,411,none,32,4,0.625,0.375,0.25213848220861956,0.375,0.375,2,left,31,3,0.6451612903225806,0.3548387096774194,0.22087657158145574,0.3548387096774194,0.3548387096774194,2,left,17,2,0.7647058823529411,0.23529411764705888,0.19257094602980906,0.23529411764705888,0.23529411764705888,2,left,17,2,0.7647058823529411,0.23529411764705888,0.19257094602980906,0.23529411764705888,0.23529411764705888,2,left
GB-107,GB,107,411,none,32,2,0.78125,0.21875,0.15157569250767908,0.21875,0.21875,2,left,32,2,0.78125,0.21875,0.15157569250767908,0.21875,0.21875,2,left,17,2,0.8235294117647058,0.17647058823529416,0.16447729146082843,0.17647058823529416,0.17647058823529416,2,left,17,2,0.8235294117647058,0.17647058823529416,0.16447729146082843,0.17647058823529416,0.17647058823529416,2,left
NZ-001,NZ,1,414,right,23,7,0.4782608695652174,0.5217391304347826,0.5043966860990454,0.21739130434782605,0.3913043478260869,3,right,20,6,0.55,0.44999999999999996,0.4584750801089662,0.09999999999999998,0.30000000000000004,3,right,12,5,0.5833333333333334,0.41666666666666663,0.49670592904742644,0.25,0.25,2,right,11,4,0.6363636363636364,0.36363636363636365,0.4310288551512256,0.18181818181818177,0.18181818181818177,2,right
NZ-002,NZ,2,414,right,23,8,0.391304347826087,0.6086956521739131,0.517686649179748,0.4782608695652174,0.21739130434782605,3,right,22,7,0.4090909090909091,0.5909090909090908,0.48851197194092216,0.4545454545454546,0.18181818181818177,3,right,12,3,0.5833333333333334,0.41666666666666663,0.3572344562218615,0.41666666666666663,0.08333333333333337,2,right,12,3,0.5833333333333334,0.41666666666666663,0.3572344562218615,0.41666666666666663,0.08333333333333337,2,right
NZ-003,NZ,3,414,right,23,9,0.43478260869565216,0.5652173913043479,0.5653744300336695,0.21739130434782605,0.4782608695652174,3,right,21,8,0.47619047619047616,0.5238095238095238,0.5314407408507837,0.1428571428571429,0.4285714285714286,3,right,12,5,0.6666666666666666,0.33333333333333337,0.4421141086977403,0.08333333333333337,0.25,3,right,12,5,0.6666666666666666,0.33333333333333337,0.4421141086977403,0.08333333333333337,0.25,3,right
NZ-004,NZ,4,414,right,23,7,0.43478260869565216,0.5652173913043479,0.5042017058914149,0.30434782608695654,0.34782608695652173,3,right,21,6,0.47619047619047616,0.5238095238095238,0.46244009002834086,0.23809523809523814,0.2857142857142857,3,right,12,3,0.5833333333333334,0.41666666666666663,0.35723445622186156,0.33333333333333337,0.08333333333333337,2,right,12,3,0.5833333333333334,0.41666666666666663,0.35723445622186156,0.33333333333333337,0.08333333333333337,2,right
NZ-005,NZ,5,414,right,23,7,0.43478260869565216,0.5652173913043479,0.512417172611789,0.30434782608695654,0.34782608695652173,3,right,20,6,0.5,0.5,0.4681289526146632,0.19999999999999996,0.25,3,right,12,3,0.6666666666666666,0.33333333333333337,0.33158558152330525,0.25,0.08333333333333337,2,right,12,3,0.6666666666666666,0.33333333333333337,0.33158558152330525,0.25,0.08333333333333337,2,right
NZ-006,NZ,6,408,none,23,6,0.4782608695652174,0.5217391304347826,0.44576776827830605,0.21739130434782605,0.4782608695652174,3,none,23,6,0.4782608695652174,0.5217391304347826,0.44576776827830605,0.21739130434782605,0.4782608695652174,3,none,12,4,0.5,0.5,0.48245245470927484,0.25,0.5,3,none,12,4,0.5,0.5,0.48245245470927484,0.25,0.5,3,none
NZ-007,NZ,7,408,none,23,7,0.43478260869565216,0.5652173913043479,0.48593854390084895,0.13043478260869568,0.5652173913043479,3,none,23,7,0.43478260869565216,0.5652173913043479,0.48593854390084895,0.13043478260869568,0.5652173913043479,3,none,12,5,0.5,0.5,0.546490490941855,0.16666666666666663,0.5,3,none,12,5,0.5,0.5,0.546490490941855,0.16666666666666663,0.5,3,none
NZ-008,NZ,8,402,right,23,3,0.9130434782608695,0.08695652173913049,0.11344714269915647,0.0,0.04347826086956519,2,right,23,3,0.9130434782608695,0.08695652173913049,0.11344714269915647,0.0,0.04347826086956519,2,right,12,2,0.9166666666666666,0.08333333333333337,0.11543129118376824,0.0,0.08333333333333337,2,right,12,2,0.9166666666666666,0.08333333333333337,0.11543129118376824,0.0,0.08333333333333337,2,right
NZ-009,NZ,9,414,right,23,5,0.4782608695652174,0.5217391304347826,0.3600361313496317,0.04347826086956519,0.13043478260869568,3,right,22,4,0.5,0.5,0.3213253237789265,0.0,0.09090909090909094,2,right,12,2,0.75,0.25,0.22630030977895446,0.0,0.0,1,right,12,2,0.75,0.25,0.22630030977895446,0.0,0.0,1,right
NZ-010,NZ,10,414,right,23,7,0.43478260869565216,0.5652173913043479,0.4726090909129759,0.0,0.26086956521739135,3,right,23,7,0.43478260869565216,0.5652173913043479,0.4726090909129759,0.0,0.26086956521739135,3,right,12,3,0.6666666666666666,0.33333333333333337,0.33158558152330525,0.0,0.08333333333333337,2,right,12,3,0.6666666666666666,0.33333333333333337,0.33158558152330525,0.0,0.08333333333333337,2,right
NZ-011,NZ,11,414,right,23,6,0.43478260869565216,0.5652173913043479,0.43081329036388466,0.0,0.21739130434782605,2,right,23,6,0.43478260869565216,0.5652173913043479,0.43081329036388466,0.0,0.21739130434782605,2,right,12,2,0.5833333333333334,0.41666666666666663,0.2733274773317827,0.0,0.0,1,right,12,2,0.5833333333333334,0.41666666666666663,0.2733274773317827,0.0,0.0,1,right
NZ-012,NZ,12,414,right,23,5,0.6086956521739131,0.3913043478260869,0.33860562537455124,0.04347826086956519,0.3913043478260869,3,right,22,4,0.6363636363636364,0.36363636363636365,0.29859850681883093,0.0,0.36363636363636365,3,right,12,2,0.9166666666666666,0.08333333333333337,0.11543129118376824,0.0,0.08333333333333337,2,right,12,2,0.9166666666666666,0.08333333333333337,0.11543129118376824,0.0,0.08333333333333337,2,right
NZ-013,NZ,13,414,right,23,6,0.391304347826087,0.6086956521739131,0.4323571960819738,0.0,0.5217391304347826,3,none,23,6,0.391304347826087,0.6086956521739131,0.4323571960819738,0.0,0.5217391304347826,3,none,12,4,0.5833333333333334,0.41666666666666663,0.43266789281484636,0.0,0.41666666666666663,3,right,12,4,0.5833333333333334,0.41666666666666663,0.43266789281484636,0.0,0.41666666666666663,3,right
NZ-014,NZ,14,410,none,23,9,0.4782608695652174,0.5217391304347826,0.5226598480896116,0.17391304347826086,0.17391304347826086,3,none,22,8,0.5,0.5,0.49378599493702147,0.13636363636363635,0.18181818181818177,3,none,12,4,0.5,0.5,0.4535095090581451,0.0,0.16666666666666663,3,none,12,4,0.5,0.5,0.4535095090581451,0.0,0.16666666666666663,3,none
NZ-015,NZ,15,408,none,23,6,0.43478260869565216,0.5652173913043479,0.4667155239480224,0.17391304347826086,0.30434782608695654,2,none,23,6,0.43478260869565216,0.5652173913043479,0.4667155239480224,0.17391304347826086,0.30434782608695654,2,none,12,5,0.5,0.5,0.5289429456511299,0.08333333333333337,0.25,2,none,12,5,0.5,0.5,0.5289429456511299,0.08333333333333337,0.25,2,none
NZ-016,NZ,16,701,left,23,6,0.5217391304347826,0.4782608695652174,0.4364849507627437,0.4782608695652174,0.4347826086956522,3,left,23,6,0.5217391304347826,0.4782608695652174,0.4364849507627437,0.4782608695652174,0.4347826086956522,3,left,12,4,0.5833333333333334,0.41666666666666663,0.43266789281484636,0.41666666666666663,0.33333333333333337,2,left,12,4,0.5833333333333334,0.41666666666666663,0.43266789281484636,0.41666666666666663,0.33333333333333337,2,left
NZ-017,NZ,17,701,left,23,13,0.2608695652173913,0.7391304347826086,0.7403013255336278,0.30434782608695654,0.4782608695652174,3,none,23,13,0.2608695652173913,0.7391304347826086,0.7403013255336278,0.30434782608695654,0.4782608695652174,3,none,12,8,0.3333333333333333,0.6666666666666667,0.7675475452907252,0.25,0.5,3,none,12,8,0.3333333333333333,0.6666666666666667,0.7675475452907252,0.25,0.5,3,none
NZ-018,NZ,18,405,none,23,7,0.6521739130434783,0.34782608695652173,0.39103158228954027,0.13043478260869568,0.26086956521739135,3,none,23,7,0.6521739130434783,0.34782608695652173,0.39103158228954027,0.13043478260869568,0.26086956521739135,3,none,12,2,0.75,0.25,0.22630030977895446,0.0,0.25,2,none,12,2,0.75,0.25,0.22630030977895446,0.0,0.25,2,none
NZ-019,NZ,19,405,none,23,8,0.43478260869565216,0.5652173913043479,0.5388958013227293,0.08695652173913049,0.21739130434782605,3,none,23,8,0.43478260869565216,0.5652173913043479,0.5388958013227293,0.08695652173913049,0.21739130434782605,3,none,12,5,0.5,0.5,0.546490490941855,0.08333333333333337,0.25,2,none,12,5,0.5,0.5,0.546490490941855,0.08333333333333337,0.25,2,none
NZ-020,NZ,20,408,none,23,8,0.4782608695652174,0.5217391304347826,0.5034368281367853,0.04347826086956519,0.4347826086956522,3,none,23,8,0.4782608695652174,0.5217391304347826,0.5034368281367853,0.04347826086956519,0.4347826086956522,3,none,12,4,0.5833333333333334,0.41666666666666663,0.43266789281484636,0.0,0.33333333333333337,3,none,12,4,0.5833333333333334,0.41666666666666663,0.43266789281484636,0.0,0.33333333333333337,3,none
NZ-021,NZ,21,414,right,23,5,0.5652173913043478,0.4347826086956522,0.3693360503767869,0.08695652173913049,0.4347826086956522,3,right,21,4,0.6190476190476191,0.38095238095238093,0.31031644121936447,0.0,0.38095238095238093,3,right,12,2,0.8333333333333334,0.16666666666666663,0.18131916903387266,0.0,0.16666666666666663,2,right,12,2,0.8333333333333334,0.16666666666666663,0.18131916903387266,0.0,0.16666666666666663,2,right
NZ-022,NZ,22,504,left,23,5,0.34782608695652173,0.6521739130434783,0.43137096449524487,0.6521739130434783,0.6086956521739131,3,left,17,4,0.47058823529411764,0.5294117647058824,0.37180239199793735,0.5294117647058824,0.47058823529411764,3,left,12,3,0.4166666666666667,0.5833333333333333,0.4137716237431475,0.5833333333333333,0.5833333333333333,3,right,10,2,0.5,0.5,0.3010299956639812,0.5,0.5,2,right
NZ-023,NZ,23,504,left,23,7,0.43478260869565216,0.5652173913043479,0.4931941526589626,0.30434782608695654,0.5652173913043479,3,none,23,7,0.43478260869565216,0.5652173913043479,0.4931941526589626,0.30434782608695654,0.5652173913043479,3,none,12,3,0.6666666666666666,0.33333333333333337,0.33158558152330525,0.08333333333333337,0.33333333333333337,2,left,12,3,0.6666666666666666,0.33333333333333337,0.33158558152330525,0.08333333333333337,0.33333333333333337,2,left
NZ-024,NZ,24,504,left,23,5,0.5217391304347826,0.4782608695652174,0.37841370707336436,0.4782608695652174,0.34782608695652173,3,none,11,4,0.6363636363636364,0.36363636363636365,0.4310288551512256,0.2727272727272727,0.36363636363636365,3,left,12,3,0.5,0.5,0.3696025301680662,0.41666666666666663,0.5,2,none,7,2,0.8571428571428571,0.1428571428571429,0.21075809614719848,0.0,0.1428571428571429,2,left
NZ-025,NZ,25,504,left,23,4,0.7391304347826086,0.26086956521739135,0.2672016034761765,0.17391304347826086,0.26086956521739135,2,left,22,3,0.7727272727272727,0.2272727272727273,0.2228753233444884,0.13636363636363635,0.2272727272727273,2,left,12,3,0.8333333333333334,0.16666666666666663,0.22780965997572764,0.08333333333333337,0.16666666666666663,2,left,12,3,0.8333333333333334,0.16666666666666663,0.22780965997572764,0.08333333333333337,0.16666666666666663,2,left
NZ-026,NZ,26,504,left,23,5,0.6521739130434783,0.34782608695652173,0.3453299336257736,0.30434782608695654,0.26086956521739135,2,left,20,4,0.75,0.25,0.2670141075317626,0.19999999999999996,0.15000000000000002,2,left,12,5,0.6666666666666666,0.33333333333333337,0.4421141086977403,0.25,0.16666666666666663,2,left,11,4,0.7272727272727273,0.2727272727272727,0.3693131062155174,0.18181818181818177,0.09090909090909094,2,left
NZ-027,NZ,27,504,left,23,3,0.7391304347826086,0.26086956521739135,0.2360111723286375,0.17391304347826086,0.26086956521739135,2,left,23,3,0.7391304347826086,0.26086956521739135,0.2360111723286375,0.17391304347826086,0.26086956521739135,2,left,12,3,0.75,0.25,0.2903383460115346,0.08333333333333337,0.25,2,left,12,3,0.75,0.25,0.2903383460115346,0.08333333333333337,0.25,2,left
NZ-028,NZ,28,504,left,23,6,0.43478260869565216,0.5652173913043479,0.4667155239480224,0.4782608695652174,0.4782608695652174,2,none,17,5,0.5882352941176471,0.4117647058823529,0.4247234128075581,0.2941176470588235,0.3529411764705882,2,left,12,4,0.5833333333333334,0.41666666666666663,0.43266789281484636,0.33333333333333337,0.41666666666666663,2,left,9,3,0.7777777777777778,0.2222222222222222,0.31118298643722464,0.11111111111111116,0.2222222222222222,2,left
NZ-029,NZ,29,504,left,23,6,0.5652173913043478,0.4347826086956522,0.42700511023526616,0.4347826086956522,0.30434782608695654,2,left,20,5,0.65,0.35,0.36532257555493364,0.35,0.19999999999999996,2,left,12,4,0.75,0.25,0.33682883695338955,0.25,0.16666666666666663,2,left,11,3,0.8181818181818182,0.18181818181818177,0.2502886927414662,0.18181818181818177,0.09090909090909094,2,left
NZ-030,NZ,30,504,left,23,6,0.6086956521739131,0.3913043478260869,0.39156288279643175,0.34782608695652173,0.34782608695652173,3,left,21,5,0.6666666666666666,0.33333333333333337,0.33538751536525985,0.2857142857142857,0.2857142857142857,3,left,12,3,0.8333333333333334,0.16666666666666663,0.22780965997572764,0.16666666666666663,0.16666666666666663,2,left,11,2,0.9090909090909091,0.09090909090909094,0.1270431201917023,0.09090909090909094,0.09090909090909094,2,left
NZ-031,NZ,31,504,left,23,7,0.5652173913043478,0.4347826086956522,0.44151632775149385,0.34782608695652173,0.3913043478260869,3,left,21,6,0.6190476190476191,0.38095238095238093,0.3917332194523776,0.2857142857142857,0.33333333333333337,3,left,12,4,0.75,0.25,0.33682883695338955,0.16666666666666663,0.25,2,left,11,3,0.8181818181818182,0.18181818181818177,0.2502886927414662,0.09090909090909094,0.18181818181818177,2,left
NZ-032,NZ,32,504,left,23,6,0.4782608695652174,0.5217391304347826,0.4035697838983147,0.4782608695652174,0.4782608695652174,3,left,15,5,0.7333333333333333,0.2666666666666667,0.35065585834791474,0.19999999999999996,0.19999999999999996,3,left,12,2,0.5833333333333334,0.41666666666666663,0.2733274773317827,0.41666666666666663,0.41666666666666663,2,left,7,1,1.0,0.0,0.0,0.0,0.0,1,left
NZ-033,NZ,33,504,left,23,5,0.6956521739130435,0.30434782608695654,0.30797128169824917,0.30434782608695654,0.30434782608695654,2,left,19,4,0.8421052631578947,0.1578947368421053,0.20704366023869228,0.1578947368421053,0.1578947368421053,2,left,12,2,0.8333333333333334,0.16666666666666663,0.18131916903387266,0.16666666666666663,0.16666666666666663,2,left,10,1,1.0,0.0,0.0,0.0,0.0,1,left
NZ-034,NZ,34,504,left,23,3,0.8260869565217391,0.17391304347826086,0.17854739551991317,0.17391304347826086,0.17391304347826086,2,left,22,2,0.8636363636363636,0.13636363636363635,0.1288585064150564,0.13636363636363635,0.13636363636363635,2,left,12,2,0.9166666666666666,0.08333333333333337,0.11543129118376824,0.08333333333333337,0.08333333333333337,2,left,11,1,1.0,0.0,0.0,0.0,0.0,1,left
NZ-035,NZ,35,503,none,23,6,0.4782608695652174,0.5217391304347826,0.40356978389831466,0.17391304347826086,0.4782608695652174,3,left,22,5,0.5,0.5,0.3674922856896145,0.13636363636363635,0.4545454545454546,3,left,12,2,0.6666666666666666,0.33333333333333337,0.25615214493032046,0.0,0.33333333333333337,2,left,12,2,0.6666666666666666,0.33333333333333337,0.25615214493032046,0.0,0.33333333333333337,2,left
NZ-036,NZ,36,504,left,23,7,0.6521739130434783,0.34782608695652173,0.39828719104765403,0.26086956521739135,0.34782608695652173,3,left,22,6,0.6818181818181818,0.31818181818181823,0.3618901538066214,0.2272727272727273,0.31818181818181823,3,left,12,4,0.75,0.25,0.33682883695338955,0.16666666666666663,0.25,3,left,12,4,0.75,0.25,0.33682883695338955,0.16666666666666663,0.25,3,left
NZ-037,NZ,37,504,left,23,5,0.7391304347826086,0.26086956521739135,0.28642462342900293,0.26086956521739135,0.21739130434782605,3,left,22,4,0.7727272727272727,0.2272727272727273,0.24326112554608612,0.2272727272727273,0.18181818181818177,3,left,12,2,0.9166666666666666,0.08333333333333337,0.11543129118376824,0.08333333333333337,0.08333333333333337,2,left,12,2,0.9166666666666666,0.08333333333333337,0.11543129118376824,0.08333333333333337,0.08333333333333337,2,left
NZ-038,NZ,38,504,left,23,6,0.4782608695652174,0.5217391304347826,0.42614256449457955,0.21739130434782605,0.4782608695652174,3,left,23,6,0.4782608695652174,0.5217391304347826,0.42614256449457955,0.21739130434782605,0.4782608695652174,3,left,12,3,0.5833333333333334,0.41666666666666663,0.35723445622186156,0.08333333333333337,0.41666666666666663,2,left,12,3,0.5833333333333334,0.41666666666666663,0.35723445622186156,0.08333333333333337,0.41666666666666663,2,left
NZ-039,NZ,39,504,left,23,8,0.391304347826087,0.6086956521739131,0.517686649179748,0.30434782608695654,0.5217391304347826,3,none,22,7,0.4090909090909091,0.5909090909090908,0.48851197194092216,0.2727272727272727,0.5,3,left,12,3,0.5,0.5,0.3696025301680662,0.08333333333333337,0.5,2,none,12,3,0.5,0.5,0.3696025301680662,0.08333333333333337,0.5,2,none
NZ-040,NZ,40,504,left,23,11,0.4782608695652174,0.5217391304347826,0.5957999834265788,0.4347826086956522,0.34782608695652173,3,left,22,10,0.5,0.5,0.5713503077055921,0.40909090909090906,0.31818181818181823,3,left,12,4,0.6666666666666666,0.33333333333333337,0.39562361775588534,0.16666666666666663,0.25,2,left,12,4,0.6666666666666666,0.33333333333333337,0.39562361775588534,0.16666666666666663,0.25,2,left
NZ-041,NZ,41,504,left,23,5,0.6521739130434783,0.34782608695652173,0.3406181311891748,0.30434782608695654,0.34782608695652173,2,left,19,4,0.7894736842105263,0.21052631578947367,0.24912784878677013,0.1578947368421053,0.21052631578947367,2,left,12,4,0.75,0.25,0.33682883695338955,0.16666666666666663,0.25,2,left,11,3,0.8181818181818182,0.18181818181818177,0.2502886927414662,0.09090909090909094,0.18181818181818177,2,left
NZ-042,NZ,42,504,left,23,6,0.5652173913043478,0.4347826086956522,0.4150376990405536,0.26086956521739135,0.3913043478260869,2,left,22,5,0.5909090909090909,0.40909090909090906,0.3796538841443888,0.2272727272727273,0.36363636363636365,2,left,12,3,0.75,0.25,0.2903383460115345,0.08333333333333337,0.16666666666666663,2,left,12,3,0.75,0.25,0.2903383460115345,0.08333333333333337,0.16666666666666663,2,left
NZ-043,NZ,43,504,left,23,7,0.5217391304347826,0.4782608695652174,0.4711790461940579,0.30434782608695654,0.3913043478260869,2,left,21,6,0.5714285714285714,0.4285714285714286,0.42519170779663024,0.23809523809523814,0.33333333333333337,2,left,12,3,0.75,0.25,0.2903383460115345,0.08333333333333337,0.16666666666666663,2,left,12,3,0.75,0.25,0.2903383460115345,0.08333333333333337,0.16666666666666663,2,left
NZ-044,NZ,44,503,none,23,7,0.391304347826087,0.6086956521739131,0.5300562442053607,0.5217391304347826,0.5652173913043479,3,none,18,6,0.5,0.5,0.5032656129273808,0.38888888888888884,0.5,3,right,12,3,0.5833333333333334,0.41666666666666663,0.3861774018729913,0.41666666666666663,0.41666666666666663,3,right,10,2,0.7,0.30000000000000004,0.2652949955741215,0.30000000000000004,0.30000000000000004,2,right
NZ-045,NZ,45,503,none,23,5,0.30434782608695654,0.6956521739130435,0.48904002435372407,0.5217391304347826,0.4347826086956522,3,none,21,4,0.3333333333333333,0.6666666666666667,0.4453382540657887,0.47619047619047616,0.47619047619047616,3,none,12,5,0.3333333333333333,0.6666666666666667,0.5815855815233052,0.5,0.6666666666666667,3,right,11,4,0.36363636363636365,0.6363636363636364,0.5269848296616381,0.4545454545454546,0.6363636363636364,3,right
NZ-046,NZ,46,706,none,23,6,0.5652173913043478,0.4347826086956522,0.4150376990405536,0.4347826086956522,0.13043478260869568,2,none,20,5,0.65,0.35,0.35091798030831856,0.35,0.15000000000000002,2,none,12,3,0.6666666666666666,0.33333333333333337,0.33158558152330525,0.33333333333333337,0.08333333333333337,2,none,12,3,0.6666666666666666,0.33333333333333337,0.33158558152330525,0.33333333333333337,0.08333333333333337,2,none
NZ-047,NZ,47,706,none,23,5,0.34782608695652173,0.6521739130434783,0.4702191882317977,0.6521739130434783,0.21739130434782605,2,none,17,4,0.47058823529411764,0.5294117647058824,0.429969410871824,0.5294117647058824,0.2941176470588235,2,none,12,4,0.4166666666666667,0.5833333333333333,0.4976786026332264,0.5833333333333333,0.33333333333333337,2,none,11,3,0.45454545454545453,0.5454545454545454,0.43212845722408394,0.5454545454545454,0.36363636363636365,2,none
NZ-048,NZ,48,706,none,23,6,0.34782608695652173,0.6521739130434783,0.49765767490499824,0.6521739130434783,0.30434782608695654,3,none,20,5,0.4,0.6,0.4503636575938321,0.6,0.35,3,none,12,3,0.4166666666666667,0.5833333333333333,0.4336405664006463,0.5833333333333333,0.33333333333333337,2,none,12,3,0.4166666666666667,0.5833333333333333,0.4336405664006463,0.5833333333333333,0.33333333333333337,2,none
NZ-049,NZ,49,503,none,23,5,0.5652173913043478,0.4347826086956522,0.34875098863080023,0.4347826086956522,0.13043478260869568,3,none,23,5,0.5652173913043478,0.4347826086956522,0.34875098863080023,0.4347826086956522,0.13043478260869568,3,none,12,2,0.6666666666666666,0.33333333333333337,0.25615214493032046,0.33333333333333337,0.0,1,none,12,2,0.6666666666666666,0.33333333333333337,0.25615214493032046,0.33333333333333337,0.0,1,none
NZ-050,NZ,50,503,none,23,5,0.6521739130434783,0.34782608695652173,0.3406181311891748,0.34782608695652173,0.17391304347826086,2,none,23,5,0.6521739130434783,0.34782608695652173,0.3406181311891748,0.34782608695652173,0.17391304347826086,2,none,12,2,0.8333333333333334,0.16666666666666663,0.18131916903387266,0.16666666666666663,0.0,1,none,12,2,0.8333333333333334,0.16666666666666663,0.18131916903387266,0.16666666666666663,0.0,1,none
NZ-051,NZ,51,503,none,23,5,0.5217391304347826,0.4782608695652174,0.39174316006123727,0.4782608695652174,0.17391304347826086,2,none,23,5,0.5217391304347826,0.4782608695652174,0.39174316006123727,0.4782608695652174,0.17391304347826086,2,none,12,4,0.6666666666666666,0.33333333333333337,0.39562361775588534,0.33333333333333337,0.16666666666666663,2,none,12,4,0.6666666666666666,0.33333333333333337,0.39562361775588534,0.33333333333333337,0.16666666666666663,2,none
NZ-052,NZ,52,503,none,23,8,0.5652173913043478,0.4347826086956522,0.47270675889903285,0.4347826086956522,0.21739130434782605,2,none,22,7,0.5909090909090909,0.40909090909090906,0.44081129074918207,0.40909090909090906,0.2272727272727273,2,none,12,4,0.75,0.25,0.33682883695338955,0.25,0.16666666666666663,2,none,12,4,0.75,0.25,0.33682883695338955,0.25,0.16666666666666663,2,none
NZ-053,NZ,53,706,none,23,6,0.43478260869565216,0.5652173913043479,0.4308132903638846,0.5652173913043479,0.13043478260869568,3,none,22,5,0.45454545454545453,0.5454545454545454,0.3963837260277077,0.5454545454545454,0.13636363636363635,3,none,12,3,0.5,0.5,0.40701901811629,0.5,0.16666666666666663,2,none,12,3,0.5,0.5,0.40701901811629,0.5,0.16666666666666663,2,none
NZ-054,NZ,54,706,none,23,6,0.391304347826087,0.6086956521739131,0.45666782867783023,0.6086956521739131,0.17391304347826086,3,none,22,5,0.4090909090909091,0.5909090909090908,0.4238021808477701,0.5909090909090908,0.18181818181818177,3,none,12,3,0.5,0.5,0.40701901811629,0.5,0.16666666666666663,2,none,12,3,0.5,0.5,0.40701901811629,0.5,0.16666666666666663,2,none
NZ-055,NZ,55,503,none,23,9,0.6086956521739131,0.3913043478260869,0.4684549626077374,0.3913043478260869,0.26086956521739135,3,none,23,9,0.6086956521739131,0.3913043478260869,0.4684549626077374,0.3913043478260869,0.26086956521739135,3,none,12,3,0.8333333333333334,0.16666666666666663,0.22780965997572764,0.16666666666666663,0.08333333333333337,2,none,12,3,0.8333333333333334,0.16666666666666663,0.22780965997572764,0.16666666666666663,0.08333333333333337,2,none
NZ-056,NZ,56,503,none,23,7,0.6521739130434783,0.34782608695652173,0.3910315822895402,0.34782608695652173,0.17391304347826086,3,none,23,7,0.6521739130434783,0.34782608695652173,0.3910315822895402,0.34782608695652173,0.17391304347826086,3,none,12,2,0.8333333333333334,0.16666666666666663,0.18131916903387266,0.16666666666666663,0.0,1,none,12,2,0.8333333333333334,0.16666666666666663,0.18131916903387266,0.16666666666666663,0.0,1,none
NZ-057,NZ,57,706,none,23,7,0.34782608695652173,0.6521739130434783,0.536103714810651,0.5652173913043479,0.34782608695652173,3,none,23,7,0.34782608695652173,0.6521739130434783,0.536103714810651,0.5652173913043479,0.34782608695652173,3,none,12,5,0.4166666666666667,0.5833333333333333,0.5441690935750814,0.5,0.25,3,none,12,5,0.4166666666666667,0.5833333333333333,0.5441690935750814,0.5,0.25,3,none
NZ-058,NZ,58,706,none,23,7,0.43478260869565216,0.5652173913043479,0.4726090909129759,0.5217391304347826,0.21739130434782605,3,none,23,7,0.43478260869565216,0.5652173913043479,0.4726090909129759,0.5217391304347826,0.21739130434782605,3,none,12,5,0.4166666666666667,0.5833333333333333,0.5441690935750814,0.5,0.25,3,none,12,5,0.4166666666666667,0.5833333333333333,0.5441690935750814,0.5,0.25,3,none
NZ-059,NZ,59,706,none,23,7,0.21739130434782608,0.782608695652174,0.5965648611812086,0.5217391304347826,0.3913043478260869,2,none,23,7,0.21739130434782608,0.782608695652174,0.5965648611812086,0.5217391304347826,0.3913043478260869,2,none,12,6,0.25,0.75,0.6684144184766948,0.41666666666666663,0.41666666666666663,2,none,12,6,0.25,0.75,0.6684144184766948,0.41666666666666663,0.41666666666666663,2,none
NZ-060,NZ,60,706,none,23,4,0.34782608695652173,0.6521739130434783,0.38957516394615355,0.3913043478260869,0.3913043478260869,2,none,23,4,0.34782608695652173,0.6521739130434783,0.38957516394615355,0.3913043478260869,0.3913043478260869,2,none,12,3,0.5,0.5,0.41841441847669475,0.5,0.25,2,none,12,3,0.5,0.5,0.41841441847669475,0.5,0.25,2,none
NZ-061,NZ,61,706,none,23,4,0.5652173913043478,0.4347826086956522,0.30695518808170896,0.3913043478260869,0.04347826086956519,2,none,23,4,0.5652173913043478,0.4347826086956522,0.30695518808170896,0.3913043478260869,0.04347826086956519,2,none,12,2,0.5,0.5,0.27894294565112987,0.5,0.0,1,none,12,2,0.5,0.5,0.27894294565112987,0.5,0.0,1,none
NZ-062,NZ,62,503,none,23,5,0.6956521739130435,0.30434782608695654,0.30797128169824917,0.30434782608695654,0.04347826086956519,2,none,23,5,0.6956521739130435,0.30434782608695654,0.30797128169824917,0.30434782608695654,0.04347826086956519,2,none,12,2,0.8333333333333334,0.16666666666666663,0.18131916903387266,0.16666666666666663,0.0,1,none,12,2,0.8333333333333334,0.16666666666666663,0.18131916903387266,0.16666666666666663,0.0,1,none
NZ-063,NZ,63,503,none,23,4,0.782608695652174,0.21739130434782605,0.23287138779559585,0.21739130434782605,0.0,1,none,23,4,0.782608695652174,0.21739130434782605,0.23287138779559585,0.21739130434782605,0.0,1,none,12,2,0.8333333333333334,0.16666666666666663,0.18131916903387266,0.16666666666666663,0.0,1,none,12,2,0.8333333333333334,0.16666666666666663,0.18131916903387266,0.16666666666666663,0.0,1,none
NZ-064,NZ,64,506,left,23,2,0.9565217391304348,0.04347826086956519,0.057038827183372734,0.04347826086956519,0.04347826086956519,2,left,23,2,0.9565217391304348,0.04347826086956519,0.057038827183372734,0.04347826086956519,0.04347826086956519,2,left,12,1,1.0,0.0,0.0,0.0,0.0,1,left,12,1,1.0,0.0,0.0,0.0,0.0,1,left
NZ-065,NZ,65,411,none,23,7,0.34782608695652173,0.6521739130434783,0.5625823435215913,0.34782608695652173,0.5217391304347826,3,left,23,7,0.34782608695652173,0.6521739130434783,0.5625823435215913,0.34782608695652173,0.5217391304347826,3,left,12,5,0.5,0.5,0.5289429456511299,0.25,0.5,3,left,12,5,0.5,0.5,0.5289429456511299,0.25,0.5,3,left
NZ-066,NZ,66,504,left,23,6,0.5217391304347826,0.4782608695652174,0.43648495076274363,0.17391304347826086,0.26086956521739135,2,left,23,6,0.5217391304347826,0.4782608695652174,0.43648495076274363,0.17391304347826086,0.26086956521739135,2,left,12,3,0.5833333333333334,0.41666666666666663,0.3861774018729913,0.0,0.16666666666666663,2,left,12,3,0.5833333333333334,0.41666666666666663,0.3861774018729913,0.0,0.16666666666666663,2,left
NZ-067,NZ,67,411,none,23,5,0.6086956521739131,0.3913043478260869,0.3568687873651174,0.30434782608695654,0.26086956521739135,2,left,23,5,0.6086956521739131,0.3913043478260869,0.3568687873651174,0.30434782608695654,0.26086956521739135,2,left,12,2,0.8333333333333334,0.16666666666666663,0.18131916903387266,0.16666666666666663,0.16666666666666663,2,left,12,2,0.8333333333333334,0.16666666666666663,0.18131916903387266,0.16666666666666663,0.16666666666666663,2,left
NZ-068,NZ,68,706,none,23,5,0.4782608695652174,0.5217391304347826,0.3843467639454883,0.3913043478260869,0.4347826086956522,2,left,23,5,0.4782608695652174,0.5217391304347826,0.3843467639454883,0.3913043478260869,0.4347826086956522,2,left,12,3,0.5833333333333334,0.41666666666666663,0.3572344562218615,0.33333333333333337,0.33333333333333337,2,left,12,3,0.5833333333333334,0.41666666666666663,0.3572344562218615,0.33333333333333337,0.33333333333333337,2,left
NZ-069,NZ,69,706,none,23,4,0.43478260869565216,0.5652173913043479,0.3802459356231824,0.4782608695652174,0.21739130434782605,2,none,23,4,0.43478260869565216,0.5652173913043479,0.3802459356231824,0.4782608695652174,0.21739130434782605,2,none,12,2,0.5833333333333334,0.41666666666666663,0.2733274773317827,0.41666666666666663,0.0,1,none,12,2,0.5833333333333334,0.41666666666666663,0.2733274773317827,0.41666666666666663,0.0,1,none
NZ-070,NZ,70,503,none,23,4,0.8260869565217391,0.17391304347826086,0.20502602423085342,0.17391304347826086,0.04347826086956519,2,none,22,3,0.8636363636363636,0.13636363636363635,0.15693880226843546,0.13636363636363635,0.045454545454545414,2,none,12,2,0.9166666666666666,0.08333333333333337,0.11543129118376824,0.08333333333333337,0.0,1,none,12,2,0.9166666666666666,0.08333333333333337,0.11543129118376824,0.08333333333333337,0.0,1,none
NZ-071,NZ,71,706,none,23,8,0.30434782608695654,0.6956521739130435,0.568724190677108,0.5652173913043479,0.3913043478260869,3,none,23,8,0.30434782608695654,0.6956521739130435,0.568724190677108,0.5652173913043479,0.3913043478260869,3,none,12,4,0.4166666666666667,0.5833333333333333,0.5266215482843561,0.5833333333333333,0.33333333333333337,3,none,12,4,0.4166666666666667,0.5833333333333333,0.5266215482843561,0.5833333333333333,0.33333333333333337,3,none
NZ-072,NZ,72,503,none,23,4,0.6956521739130435,0.30434782608695654,0.2732771862669348,0.26086956521739135,0.08695652173913049,3,none,23,4,0.6956521739130435,0.30434782608695654,0.2732771862669348,0.26086956521739135,0.08695652173913049,3,none,12,2,0.8333333333333334,0.16666666666666663,0.18131916903387266,0.16666666666666663,0.0,1,none,12,2,0.8333333333333334,0.16666666666666663,0.18131916903387266,0.16666666666666663,0.0,1,none
